level 1,level 2,movie file name
Mangalacharan,Mangalacharan Overview,exs_100_intromangala.mp4
,Bhoomipranam,exs_101_bhumi.mp4
,Durga Stuti,exs_102_durga.mp4
,Ganesh Bandana,exs_103_ganband.mp4
,Sabhapranam,exs_104_sabhapranam.mp4
Sthayi,Sthayi Overview,exs_200_sthayi.mp4
,Sthiti,exs_201_sabda.mp4
,Sthayi - Pankaj Charan Das,exs_202_GPDstha.mp4
,Battu - Kelucharan Mohapatra,exs_203_battu.mp4
,Konark Kanti,exs_204_konark.mp4
Pallavi,Pallavi Overview,exs_300_pallavi.mp4
,Raga Rageshri,exs_301_rage.mp4
,Raga Hamsadhwani,exs_302_hamsa.mp4
Abhinaya,Abhinaya Overview,exs_400_abhin.mp4
,Sakhi Hey,exs_401_sakh.mp4
,Pratinayaka,exs_402_pratina.mp4
Moksha,Moksha Overview,exs_500_moksha.mp4
,Moksha,exs_501_kelumoksha.mp4
Pada Chalana,Pada Chalana Overview,exs_600_introchalana.mp4
,1,exs_601_pc1.mp4
,2,exs_602_pc2.mp4
,3,exs_603_pc3.mp4
,4,exs_604_pc4.mp4
Vilasini,,exs_700_vilas.mp4
Chalo Chalo,,exs_800_chalo.mp4
Gatibilas (Simha),,exs_900_liongati.mp4
Gatibilas (Hamsa),,exs_1000_swangati.mp4
Debi Bharani,,exs_1100_debi.mp4
Kundalika,,exs_1200_kunda.mp4
Abahani,,exs_1300_abah.mp4
Dashavatara,,exs_1400_dasa.mp4
Abartan Bibartan,,exs_1500_abbb.mp4
Murchhana,,exs_1600_murch.mp4
Shiv Parvathi Sabda,,exs_1700_sabda.mp4
Sthayi & Sanchari Bhava,,exs_1800_sthsan.mp4