level1,level2,level3
SEQUENCE,Mangalacharan,Mangalacharan Overview
,,Bhoomipranam
,,Durga Stuti
,,Ganesh Bandana
,,Sabhapranam
,Sthayi,Sthayi Overview
,,Sthiti
,,Sthayi - Pankaj Charan Das
,,Battu - Kelucharan Mohapatra
,,Konark Kanti
,Pallavi,Pallavi Overview
,,Raga Rageshri
,,Raga Hamsadhwani
,Abhinaya,Abhinaya Overview
,,Sakhi Hey
,,Pratinayaka
,Moksha,Moksha Overview
,,Moksha
,Pada Chalana,Pada Chalana Overview
,,1
,,2
,,3
,,4
,Vilasini,
,Chalo Chalo,
,Gatibilas (Simha),
,Gatibilas (Hamsa),
,Debi Bharani,
,Kundalika,
,Abahani,
,Dashavatara,
,Abartan Bibartan,
,Murchhana,
,Shiv Parvathi Sabda,
,Sthayi & Sanchari Bhava,